product_name,price,barcode
BM 335G RHUBARBE,5.29,360858004773
675G MIRACOLI TRAD,5.09,400235902010
675G MIRACOLI TRAD,5.09,400235902010
190G PESTO ROQUET,3.99,807680954539
DLL CREME 1L,4.79,540011952225
POMELO,2.79,
"POIVRON ROUGE 0,655 KG",2.06,
DLL GRENADE,1.99,540011366901
NUTRI-BOOST -10%,-0.20,
JAMBON CUIT AU FOU,4.20,2258760004204
PITCH CHOCOLAT 6X,2.49,325654999837
JAMBON CUIT AU FOU,4.17,2258760004174
HET TRAAGSTE BROOD P,5.10,543000017740
OIGNONS JAUNE 1KG,4.99,540011231492
NUTRI-BOOST -10%,-0.50,
"COURGETTES 0,730 KG",1.45,
NUTRI-BOOST -10%,-0.15,
MOZZARELLA 125,0.80,540060135955
MOZZARELLA 125,0.80,540060135955
MOZZARELLA 125,0.80,540060135955
CARLSB BEURRE FT D,5.05,541115603113
HACHIS BOEUF&PORC,5.06,2040858005060
HACHIS BOEUF&PORC,5.25,2040856005253
CARPACCIO,4.10,2043566004103
NUTRI-BOOST -10%,-0.41,
BON DE REDUCTION,-1.00,25530112393020
ENTREM COMTE FRUIT,7.29,312393065013
100GR JEUNES POUSS,1.19,540011236373
NUTRI-BOOST -10%,-0.11,
250G TORTELLO TOM,2.49,540011758830
TORTELLONI BASILI,2.49,540011758832
250G TORTELLO TOM,2.49,540011758830
MOZZARELLA 125,0.80,540060135955
ENTR EMM RAPE 300G,5.35,312393071175
APPEL PINK LADY 6P,3.49,370047661163
NUTRI-BOOST -10%,-0.35,
CHOU-FLEUR,1.99,540011230633
NUTRI-BOOST -10%,-0.20,
SALADE POULET ITAL,17.08,2040109017088
"MANDARINE A FEUIL 0,870 KG",4.34,
NUTRI-BOOST -10%,-0.44,
250G TORTELLO TOM,2.49,540011758830
HARICOTS 200G,1.79,616110745046
NUTRI-BOOST -10%,-0.18,
CHAMP.BRUN 250GR,1.99,540011952786
NUTRI-BOOST -10%,-0.19,
CAROTTES BIO,2.29,540011239500
NUTRI-BOOST -10%,-0.23,
HARICOTS 200G,1.79,616110745046
NUTRI-BOOST -10%,-0.18,
"FENOUILS 0,520 KG",1.81,
NUTRI-BOOST -10%,-0.18,
"CHIQUITA C BANANES 0,815 KG",2.03,
NUTRI-BOOST -10%,-0.21,
