source_file,date,year,n_items,n_found,Energy,Protein,Carbohydrate,Fiber,"Sugars, Total",Total fat,"Fatty acids, total saturated",Cholesterol,Calcium,Iron,Magnesium,Potassium,Sodium,Zinc,"Vitamin A, RAE",Vitamin C,Vitamin D (D2 + D3),Vitamin B-12,"Folate, total",Thiamin,Riboflavin,raw_energy,is_outlier
2023_01_10.csv,2023-01-10,2023,8,5,939.646710958891,44.30625,182.84698333333336,23.0,73.37516666666667,11.573799999999999,3.1926666666666663,70.0,172.57733333333334,6.637966666666667,210.39333333333335,4125.233333333334,2765.1476666666667,5.353666666666666,150.66666666666666,324.5333333333333,0.9,0.88,202.0,1.229666666666666,0.5604999999999997,939.646710958891,False
2023_10_21.csv,2023-10-21,2023,20,13,6402.048299770553,213.45437499999994,1052.4347916666666,106.46333333333335,318.7532083333333,172.54649999999998,51.67121666666666,282.90000000000003,2294.4166666666665,53.58270833333332,984.4754166666665,7537.916666666666,12867.83333333333,28.78998333333333,117.68333333333334,566.8429166666665,3.75,6.6705,1644.8500000000001,9.240283333333332,7.365616666666665,6402.048299770553,False
2023_10_25.csv,2023-10-25,2023,33,24,13324.374281130707,965.9934807999999,822.6554191999999,92.336,349.00149999999996,694.1343999999999,336.41038000000003,3579.914,6736.270400000001,78.27526,1626.5448000000001,18529.568,13992.660000000003,139.14844,3912.31,579.0500000000002,10.863749999999998,45.678399999999996,1549.91,11.58391,13.674719999999997,13324.374281130707,False
2023_10_30.csv,2023-10-30,2023,29,26,18887.41534896959,756.3252311100001,1400.152437223334,121.61000000000001,822.1213333333334,1153.0438116666664,605.4328366666667,8628.524,7886.1469,87.64448333333333,1696.5992100000003,15928.716933333331,22507.28773333333,84.71097900000002,16986.233333333334,211.73124999999993,55.173,45.4385,2528.883333333333,9.767763666666664,19.268066666666666,18887.41534896959,False
2023_11_01.csv,2023-11-01,2023,28,22,17476.74251084576,781.8089791666666,2142.1406875,202.66116666666667,1060.4003333333333,676.1726,339.19201000000004,2246.182,7695.827466666666,99.10471499999998,2354.9369999999994,24152.399999999998,17895.242166666663,83.78928999999997,2936.0,671.95,11.308333333333332,18.425833333333333,2464.375,21.791916666666665,15.84608333333333,17476.74251084576,False
2023_11_09.csv,2023-11-09,2023,31,22,20426.40571890129,680.3389386999999,600.104352966667,37.198,192.02659999999992,1707.9501416666667,476.84691333333336,5747.288416666667,3937.069533333334,60.650793333333354,1045.1453666666664,12341.957,11210.53,62.60952166666667,5512.776666666667,12.377333333333333,39.28158333333333,27.974133333333334,1302.0800000000002,18.210436666666666,14.670309999999999,20426.40571890129,False
2023_11_15.csv,2023-11-15,2023,19,14,9441.071883441682,504.62679999999983,1378.7926666666667,120.39333333333335,403.96933333333334,228.97439999999997,65.88726666666669,922.3799999999999,2996.1846666666665,82.47093333333332,1419.586666666667,11692.386666666665,13343.51333333333,60.76813333333333,455.05333333333334,315.8466666666666,4.573333333333333,12.438133333333333,2085.92,16.54772,9.904639999999999,9441.071883441682,False
2023_11_23.csv,2023-11-23,2023,8,5,2721.479465,246.8335,207.3245,48.236000000000004,136.765,104.588,40.268,723.2,565.558,28.8994,485.964,6275.04,2976.0,60.11621999999999,57.4,41.4,0.8,20.256,54.4,1.2484,2.5548,2721.479465,False
2023_12_02.csv,2023-12-02,2023,24,17,8796.717165517712,424.55195511,556.8798198899999,48.31999999999999,178.50275,552.259925,318.04777,1962.174,6337.2599,34.08910000000001,776.15031,6080.7536,15169.918399999999,53.407529,4029.3,153.11775,5.2725,18.052999999999997,917.3000000000001,3.7696799999999993,6.936799999999998,8796.717165517712,False
2023_12_10.csv,2023-12-10,2023,27,22,12083.124394592767,798.924379,1198.5920101666666,123.04833333333335,608.1622333333333,451.77684083333327,175.98764666666665,7135.819125,4252.9809000000005,79.08713666666668,1445.0319,16071.099166666669,20659.536666666667,66.5031275,7659.933333333334,366.87625,40.17495833333333,24.087333333333337,2472.1833333333334,15.576241999999997,16.33653333333333,12083.124394592767,False
2023_12_14.csv,2023-12-14,2023,23,18,10609.848709445507,704.183,1200.0719999999994,118.38600000000002,298.509,335.9390000000001,97.28269999999998,6681.420000000001,3951.536,101.54680000000002,1684.3239999999994,14842.239999999998,15334.58,85.60022,2606.9,197.55,38.04133333333334,27.49333333333334,2913.600000000001,17.391766666666665,16.33963333333333,10609.848709445507,False
2023_12_17.csv,2023-12-17,2023,24,22,8762.014705150596,444.30919760999996,1127.8628690566666,154.2493333333333,508.4903333333334,311.9529,139.8069933333333,1197.67575,5096.167766666666,52.296843333333335,1705.3739766666667,17402.535266666666,10345.533733333334,41.78869733333334,2164.133333333333,623.9429166666666,55.04708333333333,22.045333333333335,1508.1999999999998,9.516179999999997,9.368099999999998,8762.014705150596,False
2023_12_23.csv,2023-12-23,2023,8,7,7878.170124359464,536.105,90.13000000000002,17.4,58.1,592.0360000000001,323.05510000000004,2655.5200000000004,527.278,37.7624,562.64,8767.2,7622.18,93.09599999999998,3458.0,77.75,5.333333333333333,32.00333333333333,273.0,8.019666666666668,5.659333333333334,7878.170124359464,False
2023_12_28.csv,2023-12-28,2023,8,8,4832.771008642448,455.14,143.41,13.100000000000001,129.26,263.438,115.2173,1393.51,475.639,35.1512,538.62,6788.6,10579.59,65.45299999999999,71.0,89.5,3.0666666666666664,26.026666666666667,258.0,4.574333333333334,4.388666666666667,4832.771008642448,False
2024_01_03.csv,2024-01-03,2024,23,16,21117.470286798685,528.3335873599999,470.3192459733333,44.796666666666674,329.4266666666666,1930.59,1125.7421033333335,8612.073999999999,2821.855733333334,62.78646666666665,843.3118933333334,11263.106933333334,12265.025066666667,105.80233066666668,15689.866666666665,510.0033333333334,26.064000000000004,42.98900000000001,1083.3000000000002,3.3290466666666636,10.520933333333332,21117.470286798685,False
2024_01_05.csv,2024-01-05,2024,16,7,4536.365800799172,240.98466025000002,754.8338939166666,80.65166666666667,238.13240000000002,78.31539583333334,25.212199999999996,417.343125,1814.8999999999999,35.93266666666667,1059.81625,9514.429166666667,5290.106666666667,32.0875625,4238.0,153.29999999999998,8.644874999999999,16.520000000000003,1172.6,5.287723333333332,6.138166666666666,4536.365800799172,False
2024_01_09.csv,2024-01-09,2024,18,18,10819.10561667304,701.1440000000001,768.81,59.519999999999996,90.70399999999997,540.2280000000001,127.71789999999999,1806.71,2727.639,78.89320000000001,971.22,7007.799999999999,29842.39,85.55899999999997,94.4,1.5999999999999999,3.7666666666666666,23.652666666666665,1534.4,11.672733333333333,7.655466666666666,10819.10561667304,False
2024_01_10.csv,2024-01-10,2024,9,3,1496.8078393881453,19.410000000000004,383.15999999999997,45.15,220.62,5.77,1.7630000000000001,0.0,237.5,4.365,433.0,5869.5,21.5,2.425,212.0,310.54999999999995,0.0,0.0,380.0,0.7939999999999999,1.187,1496.8078393881453,False
2024_01_11.csv,2024-01-11,2024,5,5,1590.9751434034417,13.620000000000001,191.33,8.828,25.206,85.77000000000001,28.712999999999994,0.0,93.72399999999999,4.443200000000001,41.391999999999996,421.91999999999996,1634.0,0.8471600000000001,6.0,9.2,0.0,0.0,161.0,0.6189999999999998,0.44199999999999984,1590.9751434034417,False
2024_01_14.csv,2024-01-14,2024,23,17,8623.949028419376,667.9417000000001,882.0178333333331,108.92733333333332,239.2452,272.3748666666666,100.65429999999996,1587.3000000000002,3785.818,73.51353333333333,1296.3799999999999,16549.493333333332,18603.81333333333,88.5752,9846.1,505.578,4.933333333333334,23.592133333333333,2206.16,15.43275333333333,10.139086666666664,8623.949028419376,False
2024_01_24.csv,2024-01-24,2024,45,39,32482.067047322445,1852.42945247,2400.7023725299996,246.94083333333333,440.93206666666674,1754.8179083333332,767.6832666666667,8991.7355,12724.131133333334,431.71646583333313,3951.992703333334,37619.972200000004,31186.77763333333,371.99626966666665,13137.666666666668,1755.2795833333332,63.919000000000004,130.46599999999998,6785.442499999999,21.841859999999997,32.06009999999999,32482.067047322445,False
2024_01_24_b.csv,2024-01-24,2024,3,3,5490.0,54.900000000000006,795.7125000000001,27.0,713.3625,219.4875,137.25,135.0,1068.75,9.675,0.0,0.0,821.25,0.0,0.0,0.0,0.0,0.0,0.0,0.0,0.0,5490.0,False
2024_02_08.csv,2024-02-08,2024,26,20,10989.732060013355,392.7084845,1571.1412988333343,182.86333333333332,994.1786999999999,365.77151666666674,200.58849333333336,786.3195000000001,5905.8248,61.23707333333333,1790.8129999999999,19337.043333333335,8278.711333333335,44.13826999999999,11349.55,522.6,4.8927499999999995,9.696,1971.7,8.532736666666663,7.943933333333334,10989.732060013355,False
2024_02_22.csv,2024-02-22,2024,21,14,11109.963846417806,502.33511136,1165.1948886399998,106.88000000000001,796.0619999999999,489.66400000000004,236.14888666666664,1526.7540000000001,2371.8994000000002,46.580400000000004,1083.18256,12505.1136,7946.088400000001,45.21026400000001,1659.4,275.65999999999997,8.659999999999998,9.182000000000002,902.4,13.54528,7.069000000000001,11109.963846417806,False
2024_03_05.csv,2024-03-05,2024,32,30,17854.771189165614,1077.21454696,1295.4162863733334,125.04583333333332,519.5924999999999,936.9611666666665,486.9389199999999,6189.143999999999,11739.753399999998,88.50480833333336,2020.9051599999996,20496.75293333334,31235.923233333335,99.37145400000001,14218.15,460.55999999999995,33.18275,32.413999999999994,2425.875,18.91769666666667,17.57273333333333,17854.771189165614,False
2024_03_25.csv,2024-03-25,2024,36,29,23323.356679910485,668.3982067499998,3265.721701583334,291.5886666666666,1406.2425333333329,862.2704916666667,328.09917666666666,988.3299999999999,9140.7075,160.4448833333333,2730.8412499999995,19190.913333333334,35240.59333333334,61.662525,9122.05,665.53625,5.346,5.918000000000001,4366.499999999999,19.779746666666668,15.703033333333327,23323.356679910485,False
2024_03_30.csv,2024-03-30,2024,40,32,22552.563103572596,713.7467499999997,1969.292476666666,203.2533333333334,617.5557333333334,1329.5860200000002,656.6443833333333,4828.35,3827.2313333333323,87.76403333333336,1780.2770666666668,20553.70666666667,37296.32933333334,37.14424666666668,26253.46666666666,288.2483333333333,55.80200000000001,53.49366666666667,2679.266666666666,10.817502,12.524033333333334,22552.563103572596,False
2024_04_18.csv,2024-04-18,2024,27,20,10442.601895055448,883.9827349999998,808.622515,79.36000000000001,219.022,410.1245499999999,197.53901333333334,2128.1235,10474.300399999998,67.60432,1986.607,19850.510000000002,15964.923999999999,88.86655000000002,4682.8,362.9599999999999,39.9825,35.53999999999999,2459.2,19.3002,15.250999999999998,10442.601895055448,False
2024_04_25.csv,2024-04-25,2024,4,3,2035.2806883365201,76.574,379.51,31.160000000000004,38.041999999999994,25.186,4.3908,0.0,1312.6,23.884,367.0,1562.4,4143.4,9.440000000000001,298.0,12.5,0.0,0.0,784.0,3.896,2.2139999999999995,2035.2806883365201,False
2024_05_04.csv,2024-05-04,2024,23,14,5915.509519028044,370.87874999999997,628.0359166666667,86.77566666666668,333.438,225.23033333333333,61.7726,871.02,661.25,40.98266666666666,1015.7660000000001,11170.626666666667,10234.596666666668,31.82148,4523.0,427.99999999999994,4.333333333333333,5.923333333333334,766.1,9.125,5.602000000000001,5915.509519028044,False
2024_05_08.csv,2024-05-08,2024,41,33,24898.42313113575,1374.314,2568.5519999999997,190.41266666666667,933.5901666666666,1014.9625999999996,529.4884600000001,5782.442000000001,14868.691799999995,167.48544000000004,3722.2279999999987,26516.96000000001,20223.97800000001,153.61032000000006,5753.4,316.375,34.3665,44.540000000000006,5468.0,32.8889,25.5652,24898.42313113575,False
2024_05_11.csv,2024-05-11,2024,31,11,7165.325888451242,497.67400000000004,880.9749999999999,70.04,303.956,197.735,62.64468000000001,1288.2800000000002,1201.1824000000001,56.98263999999999,1611.3880000000001,15126.259999999998,7234.436,87.9246,1311.9,453.25,1.6666666666666665,23.852666666666668,925.9,6.294733333333332,6.362466666666666,7165.325888451242,False
2024_06_02.csv,2024-06-02,2024,32,26,17773.9636227057,424.85265624999994,2638.3543020833336,242.04333333333335,1158.944875,669.0132416666668,242.03581999999997,238.604,4672.9681,173.43743833333338,3001.0855,20714.123333333333,18936.469333333334,58.431325,9548.3,788.4,0.8666666666666666,2.8826666666666667,3565.95,16.600399999999997,12.362799999999995,17773.9636227057,False
2024_06_11.csv,2024-06-11,2024,34,31,21461.11018915361,1068.78922,1976.5038800000002,262.13433333333336,1093.914,1072.0808666666667,526.86496,3572.610333333333,11986.777466666668,119.09798333333333,3281.6053333333334,41304.29666666666,21666.98466666667,118.47549333333333,23528.68333333333,1550.8916666666667,24.975416666666668,38.716666666666676,3420.9399999999996,27.814100000000003,24.701533333333337,21461.11018915361,False
2024_06_14.csv,2024-06-14,2024,12,11,9512.421882109624,675.8455,1040.9138333333333,75.86333333333334,100.62799999999999,283.56666666666666,124.2235,1637.5100000000002,3873.4390000000003,75.29853333333334,1333.7199999999998,11941.133333333333,10093.823333333334,103.05499999999998,9155.6,63.54,40.766666666666666,38.67666666666666,3153.6000000000004,15.878,10.748,9512.421882109624,False
2024_07_11.csv,2024-07-11,2024,3,3,318.74378585086043,12.65,69.56,18.8,49.72,3.72,0.532,0.0,180.0,4.23,191.0,2676.0,108.0,3.14,203.0,331.0,0.0,0.0,216.0,0.5159999999999996,0.6239999999999999,318.74378585086043,False
2024_07_15.csv,2024-07-15,2024,19,16,10048.639783601018,290.08549999999997,1331.7958333333333,167.84933333333333,704.127,424.5866666666666,210.8632,361.19999999999993,5808.658,73.67273333333333,1918.164,14314.973333333335,9300.833333333332,46.574220000000004,9428.199999999999,276.9,1.875,7.893999999999998,1582.2,6.306266666666665,7.537533333333331,10048.639783601018,False
2024_07_18.csv,2024-07-18,2024,57,53,38284.97835620905,1478.4980926666672,3260.852667333333,330.56533333333334,1556.268708333333,2219.780420000001,975.80839,9783.757333333331,18511.737266666667,260.64440333333334,5026.968483333334,40500.99666666667,42837.81866666666,239.63556999999994,25662.000000000004,1240.0282499999998,57.026,82.58211666666669,6209.798333333333,19.237382,34.080685,38284.97835620905,False
2024_07_21.csv,2024-07-21,2024,14,10,5671.236312785214,182.08176666666665,899.9514333333334,93.28533333333333,686.973,181.71293333333335,98.53399999999999,664.24,1674.816,26.724933333333336,666.4906666666666,11428.593333333334,3235.5333333333333,35.892039999999994,868.6799999999998,205.2,0.96,11.109866666666665,392.68,1.3503666666666667,4.530460000000001,5671.236312785214,False
2024_07_25.csv,2024-07-25,2024,43,35,15723.802396133207,507.5744341666665,1998.809390833334,320.5963333333334,895.1536,690.9033083333333,218.21376333333325,725.74375,7858.052666666666,83.80636666666666,3831.8621666666677,29230.951666666664,12946.669999999998,91.9951483333333,13136.35,1272.1650000000002,4.45125,18.315199999999997,2625.746666666667,9.44345333333333,11.525339999999995,15723.802396133207,False
2024_07_30_b.csv,2024-07-30,2024,20,12,4010.5639915610263,133.30125,415.0935166666667,91.78130000000002,124.1276,221.55693333333332,60.234509999999986,299.52,714.3530000000001,25.066971666666664,872.9240000000001,9789.746666666668,8776.476666666667,13.39866,5454.95,785.2360000000001,0.11199999999999999,0.23519999999999985,1371.7283333333332,2.138479999999999,2.81979,4010.5639915610263,False
2024_08_08.csv,2024-08-08,2024,2,2,122.0,0.34,29.6,4.028,25.206,0.22,0.056,0.0,10.724,0.0532,9.392,201.92,0.0,0.02716,6.0,9.2,0.0,0.0,0.0,0.02,0.14,122.0,False
2024_08_08_b.csv,2024-08-08,2024,28,15,7286.930592734225,261.41099999999994,1192.475,125.392,471.70700000000005,179.08900000000003,58.8262,450.0,2407.082666666667,68.2048,1235.3613333333333,11726.213333333333,11864.099999999999,32.23110666666667,1551.6666666666667,340.0499999999999,0.0,6.586666666666666,1666.0,7.633999999999999,7.280999999999998,7286.930592734225,False
2024_08_28.csv,2024-08-28,2024,32,27,14276.857885479545,925.4841,1277.6094600000001,135.01266666666666,291.0176333333333,618.2237200000001,309.3241166666666,2594.25,9751.460000000001,106.45889999999999,2177.7624,19216.420000000006,30475.626,105.12034000000001,7081.853333333333,583.702,7.535833333333334,27.44433333333333,3698.043333333333,18.710318666666666,14.533386666666667,14276.857885479545,False
2024_08_31.csv,2024-08-31,2024,22,16,11409.391969407265,344.9775,2090.929166666667,143.11449999999996,607.40025,192.20999999999998,89.89079166666667,615.0,1635.6826666666666,79.80338333333331,1626.8946666666668,11872.571666666667,6156.708333333334,37.43777333333333,672.5833333333334,402.96666666666664,5.9,4.1325,4231.0,16.927083333333336,11.238666666666667,11409.391969407265,False
2024_09_28.csv,2024-09-28,2024,24,22,14268.431586939452,913.7047016666667,1474.8900149999997,101.03183333333337,430.8848,540.7921499999998,219.23802666666666,4915.149500000001,7082.080466666666,93.19394000000004,2359.939,19776.41,13286.399666666666,144.21765,3858.8499999999995,157.82700000000003,26.411499999999997,46.52419999999999,2650.356666666666,11.965629999999999,15.711263333333333,14268.431586939452,False
2024_10_13.csv,2024-10-13,2024,16,13,8134.385027501593,459.68199999999973,1209.8793333333335,171.0173333333333,793.2064999999999,181.04816666666665,43.804800000000014,1018.53,1776.099,42.35203333333334,1268.991,16921.39333333333,7929.553333333333,44.744629999999994,9017.25,452.12499999999994,6.5,8.75,964.075,14.075916666666666,9.517333333333331,8134.385027501593,False
2024_10_29.csv,2024-10-29,2024,40,38,28908.495930585403,1978.056215,2806.708626666666,303.69599999999997,862.6970000000001,1112.5943583333333,393.4165599999999,7740.481250000001,13145.251499999998,370.0545791666666,5130.2575,51541.91666666666,29818.906666666666,184.91817499999993,11066.26,2052.1009999999997,31.847749999999994,53.8764,7982.682500000002,35.705059999999996,33.98518,28908.495930585403,False
2024_10_29_b.csv,2024-10-29,2024,5,5,7046.3131931166345,69.914,737.854,96.97999999999999,557.9079999999999,458.692,267.4594,44.199999999999996,642.1999999999999,83.538,2022.8,6489.599999999999,210.6,28.834,18.200000000000003,0.0,0.0,1.794,104.0,0.4316,1.3182,7046.3131931166345,False
2024_10_31.csv,2024-10-31,2024,5,5,3661.97696,497.9349999999999,32.77,10.100000000000001,0.68,161.577,46.685700000000004,1358.04,212.55599999999998,19.9998,623.5799999999999,8410.4,5264.360000000001,43.347,1.5,3.95,8.666666666666666,11.666666666666668,83.5,13.942833333333335,5.825166666666668,3661.97696,False
2024_11_03.csv,2024-11-03,2024,18,13,7951.091447208414,752.181425,265.810675,33.872,98.7575,429.55199999999996,193.6852,3745.9500000000003,3307.975,68.7967,875.4369999999999,12610.4,10721.4,167.42705000000004,1793.55,60.89999999999999,11.858250000000002,61.59800000000001,567.35,2.0454149999999998,8.6296,7951.091447208414,False
2024_11_08.csv,2024-11-08,2024,18,13,5754.375740634188,268.4719904,349.97120960000007,55.936,228.96300000000002,374.18559999999997,188.13379999999998,1111.2,4078.254,27.9872,738.3424,5563.3240000000005,5604.476,49.46538,2472.08,252.14999999999995,4.635,16.1332,428.48,1.5576799999999993,4.30556,5754.375740634188,False
2024_11_14.csv,2024-11-14,2024,6,4,3625.76916833652,317.5039999999999,376.25999999999993,29.76,37.071999999999996,90.792,25.7494,679.02,1336.8779999999997,31.226399999999998,591.24,5191.6,6345.58,29.506,0.0,0.8,4.333333333333333,5.833333333333334,730.0,10.664666666666669,4.937333333333333,3625.76916833652,False
2024_11_22.csv,2024-11-22,2024,24,17,9932.320191204588,548.3484000000001,1306.621,115.77,135.61899999999997,285.3562,110.10399999999998,3434.6800000000003,8391.92,117.5096,1932.8999999999999,10256.460000000001,17809.399999999998,67.6094,4562.36,148.70999999999998,42.699,23.1104,3900.8600000000006,13.731259999999999,13.201919999999998,9932.320191204588,False
2024_12_01.csv,2024-12-01,2024,21,15,10488.514346717653,244.4964666666666,1193.8845000000001,127.98333333333332,510.322,565.5704000000001,296.7560500000001,1289.46,3142.4066666666663,63.51920000000001,1223.41,11550.269999999999,10552.966666666665,41.1268,4367.22,437.80499999999995,0.24,6.9268,1745.5700000000002,7.72227,6.019039999999999,10488.514346717653,False
2024_12_06.csv,2024-12-06,2024,23,14,8752.05704469248,331.22331249999985,551.5126041666666,126.87666666666667,266.44575,599.8510833333336,306.56540000000007,1754.92,1620.4030000000002,38.39631666666667,1315.415,16431.06666666667,7797.546666666666,39.79325,20345.9,543.45,4.333333333333333,6.8213333333333335,1183.9,10.0617,5.9919,8752.05704469248,False
2024_12_12.csv,2024-12-12,2024,11,9,4654.243738126195,371.20416666666665,370.47749999999996,14.16666666666667,17.116666666666667,182.22266666666667,60.877433333333336,1496.52,1309.1946666666663,27.448233333333334,510.99,5463.95,7685.18,32.0835,781.0,1.7833333333333334,11.833333333333332,9.395833333333334,580.25,9.821916666666667,6.351583333333332,4654.243738126195,False
2024_12_17.csv,2024-12-17,2024,16,16,10654.915033483747,963.4925499999999,744.1177500000001,51.13999999999999,61.958,416.85119999999995,156.50752999999997,2908.616,2830.8484000000003,117.14017,1205.3269999999998,11439.405,18600.354,204.50085,445.27,1.575,7.590000000000001,67.84405,1547.0950000000003,10.992795,11.654364999999999,10654.915033483747,False
2024_12_20.csv,2024-12-20,2024,1,1,1377.6,169.21200000000002,0.0,0.0,0.0,75.636,30.012,542.4000000000001,87.6,16.607999999999997,121.19999999999999,1846.8000000000002,2232.0,42.372,22.799999999999997,0.0,0.6000000000000001,15.192,40.8,0.4188,1.4436,1377.6,False
2024_12_28.csv,2024-12-28,2024,24,22,13200.1820568413,658.9470000000001,2246.0446,137.994,442.807,176.54120000000003,48.129819999999995,1012.914,2318.4446,90.18632999999998,2766.1179999999995,16870.665,14036.826000000001,77.66714999999998,787.0,339.125,9.873333333333333,17.523333333333333,3715.875,19.59751666666666,12.17740833333333,13200.1820568413,False
2024_12_31.csv,2024-12-31,2024,9,6,1364.4320006935945,67.49437499999999,217.093425,78.53030000000001,72.116,34.4336,4.6135,0.0,634.682,23.069199999999995,546.014,5096.3,911.77,13.0037,416.5,1145.26,0.0,0.0,962.7133333333334,2.8177299999999996,1.8609299999999993,1364.4320006935945,False
2025_01_05.csv,2025-01-05,2025,8,6,2335.4999770956024,162.9651675,251.9692575,22.4,110.53,80.621275,35.68826666666667,444.90375000000006,1029.44,18.455199999999998,373.1675,4976.195,2740.1,35.690675000000006,107.72,64.89999999999999,2.6562500000000004,13.9408,337.71999999999997,1.38502,3.0750400000000004,2335.4999770956024,False
2025_01_06.csv,2025-01-06,2025,11,10,6044.6640535372835,248.37900000000002,1039.44,94.65,143.73,107.52499999999999,18.243100000000002,109.6,3500.8999999999996,64.92399999999999,1133.5,5577.5,11207.7,26.942,590.3,209.15999999999997,24.0,6.640000000000001,2088.1000000000004,10.4759,6.062699999999999,6044.6640535372835,False
2025_01_13.csv,2025-01-13,2025,14,8,4207.219935591587,548.09438,156.17061999999999,20.77,2.0524999999999998,149.21550000000002,45.3699,1440.24,443.48600000000005,28.577799999999996,992.13,10748.2,4791.200000000001,50.742,1401.1,72.895,26.66666666666667,16.64666666666667,474.7,14.823233333333334,6.341566666666668,4207.219935591587,False
2025_01_17.csv,2025-01-17,2025,23,15,7652.018833652006,396.9806666666666,1029.0016666666668,95.52,81.14399999999999,217.516,78.05456666666666,724.0,3733.966666666667,93.9796666666667,1612.1,9634.599999999999,11358.699999999999,59.61299999999999,2900.4,190.98000000000002,0.8,19.82,2738.833333333333,9.485566666666664,7.578499999999997,7652.018833652006,False
2025_01_20.csv,2025-01-20,2025,23,21,19604.46637907426,1222.8713951999998,2377.8066048,144.86666666666667,193.2966666666667,405.93600000000004,243.0616,3732.3199999999997,2872.224,120.34780000000002,1823.9591999999998,17463.052,19063.648,134.04348000000005,1078.1999999999998,327.6,15.766666666666667,37.06966666666667,4136.700000000001,29.840633333333333,16.570566666666668,19604.46637907426,False
2025_01_22.csv,2025-01-22,2025,4,4,6143.0,77.16,812.16,50.60000000000001,693.85,299.7,166.416,0.0,2024.0,27.14,701.0,5534.0,387.0,9.530000000000001,29.0,60.89999999999999,0.0,2.16,252.0,0.897,1.871,6143.0,False
2025_02_02.csv,2025-02-02,2025,9,8,8038.51242829828,368.74666666666667,697.7566666666667,42.6,82.23,405.59000000000003,164.02566666666667,1488.0,7678.666666666667,50.126666666666665,643.0,4413.0,13294.0,49.71,4020.0,13.3,19.6,29.71,1047.3333333333335,5.731666666666667,8.966999999999999,8038.51242829828,False
2025_02_05.csv,2025-02-05,2025,25,17,13345.160554643087,251.02835,1721.8971499999998,169.87366666666665,1070.9898999999998,631.9677666666665,321.6650133333333,463.73333333333323,3805.3366666666666,94.67133333333332,1939.3233333333333,15556.72666666667,9354.50666666667,44.11433333333334,6001.413333333332,441.6946666666666,2.7760000000000002,10.5836,1965.66,6.735693333333333,6.90184,13345.160554643087,False
2025_02_07.csv,2025-02-07,2025,14,11,7383.360676271509,230.10892500000003,1066.974741666667,93.52333333333333,516.0263333333334,264.705,139.33076666666665,566.3000000000001,1437.2216666666666,63.507333333333335,1446.4236666666666,10869.066666666668,2543.933333333334,52.69588333333333,1122.4333333333334,615.0166666666667,0.4,12.343,1488.9999999999998,5.226898333333332,5.377866666666666,7383.360676271509,False
2025_02_15.csv,2025-02-15,2025,18,15,5049.690242583811,528.7679,381.29223333333334,73.68533333333333,248.78680000000003,155.14666666666668,55.813320000000004,1406.184,1078.6336000000001,26.016013333333326,899.9879999999999,13133.873333333335,10400.389333333333,46.5642,8520.0,403.25,12.039999999999997,20.440000000000005,748.2,10.672266666666667,6.747533333333334,5049.690242583811,False
2025_02_18.csv,2025-02-18,2025,13,10,8739.228871892925,175.4085,1322.2875,108.5025,650.18425,321.474,147.067825,0.0,3069.8999999999996,66.19225,1244.1,7423.724999999999,8070.974999999999,26.025,493.75,252.7,0.0,1.9575,1620.0,7.232749999999999,5.3439999999999985,8739.228871892925,False
2025_02_22.csv,2025-02-22,2025,22,15,15844.901348007648,493.3109,1587.8565000000006,95.65,264.6275,836.5689000000001,469.61777000000006,3734.0339999999997,2574.2256,397.86108,2431.418,7418.299999999999,6195.586,67.42885000000001,6121.96,29.38,17.318666666666665,24.67606666666667,4668.885,12.33324333333333,9.588636666666664,15844.901348007648,False
2025_02_25.csv,2025-02-25,2025,8,4,3029.48848,288.85999999999996,294.94,18.6,27.509999999999998,71.846,22.4236,679.02,421.278,28.2024,550.24,5514.2,2361.1800000000003,25.196,415.0,60.0,4.333333333333333,5.833333333333334,1031.0,9.809666666666669,4.163333333333335,3029.48848,False
2025_03_02.csv,2025-03-02,2025,21,18,6460.4485946679415,312.04966666666667,642.7491166666666,124.28916666666666,375.38025000000005,306.53531666666663,134.87889166666668,3408.6,2321.1866666666665,58.11476666666667,1228.0683333333332,18090.933333333338,4962.55,48.940266666666666,21158.933333333334,590.9549999999999,17.304000000000002,22.774500000000003,2122.3733333333334,4.247091666666664,8.214974999999999,6460.4485946679415,False
2025_03_05.csv,2025-03-05,2025,31,17,7086.1696934773745,302.31773499999997,899.7801816666667,162.96866666666665,510.34000000000003,274.9060833333333,102.70133333333332,582.2874999999999,6151.715999999999,28.556466666666672,1438.403,17045.196666666667,7864.266666666667,38.97418999999999,18383.0,489.4,36.307500000000005,20.3,1329.4,4.098433333333331,8.490666666666666,7086.1696934773745,False
2025_03_08.csv,2025-03-08,2025,33,27,20619.49281654608,1328.0220379999998,2671.880362,171.56925,466.9502000000002,503.93999999999994,202.61229333333324,5375.35,7155.919999999999,154.48020000000002,3169.804,23389.64,20242.857500000002,180.18632000000005,3036.9399999999996,444.0259999999999,54.248333333333335,62.26333333333332,6832.383333333333,31.65738666666666,24.842999999999996,20619.49281654608,False
2025_03_14.csv,2025-03-14,2025,24,21,9239.722731714468,602.0209999999998,1139.9586666666667,191.76666666666665,369.70500000000004,282.67733333333337,68.42390000000002,1255.0200000000002,2919.578,66.26506666666667,2076.9400000000005,23570.16666666666,12766.246666666666,72.82499999999999,17625.9,536.43,15.73333333333333,28.233333333333334,2504.9,15.430899999999996,12.479,9239.722731714468,False
2025_03_19.csv,2025-03-19,2025,17,14,9605.311820006373,699.3855,1170.1918333333333,124.90333333333334,292.764,249.21666666666664,82.0142,1583.02,3148.077999999999,88.47173333333333,1632.7400000000002,17593.333333333336,14930.813333333334,113.75399999999998,8430.000000000002,182.39999999999998,5.333333333333333,31.153333333333336,2058.2,16.28133333333333,11.192666666666666,9605.311820006373,False
2025_03_21.csv,2025-03-21,2025,40,35,13408.669707119188,772.2764999999998,628.1218333333333,133.54033333333336,362.7950000000001,878.2221666666667,438.0065000000001,7016.400000000001,7068.515999999999,71.10763333333333,2004.6679999999992,18225.413333333338,12071.983333333334,100.53943999999998,16832.649999999998,519.27,66.38850000000002,66.29800000000002,1938.6,5.146066666666665,17.139133333333326,13408.669707119188,False
2025_03_29.csv,2025-03-29,2025,31,21,18117.924830061183,780.4983349999999,1638.758115,132.013,957.3123,950.4789499999998,347.7947633333333,1979.7275,4914.6359999999995,88.15429999999999,2264.215,21770.879999999997,19141.75,75.39574999999999,662.0,376.09999999999997,14.759166666666667,21.87316666666667,1557.8,20.65663333333334,14.303016666666664,18117.924830061183,False
2025_05_13.csv,2025-05-13,2025,6,4,1721.14034416826,137.65200000000002,195.17999999999998,14.88,25.675999999999995,41.048,12.9184,288.0,636.8,14.291999999999998,170.0,623.2,9551.2,4.57,0.0,0.4,0.0,0.0,365.0,1.914,1.0619999999999996,1721.14034416826,True
2025_05_28.csv,2025-05-28,2025,24,19,8768.403398362014,697.1187500000001,596.4310833333333,76.07916666666668,258.0735833333334,395.3201666666667,165.66737500000002,1903.11,1625.4989999999998,68.83008333333332,1172.04,12751.748333333335,22408.198333333334,89.56955,9143.15,105.76,14.256666666666666,36.84166666666667,1409.775,10.324700000000002,8.232750000000001,8768.403398362014,False
2025_05_31.csv,2025-05-31,2025,22,21,12419.713026276357,676.486476,963.8278573333331,102.65333333333334,141.37499999999997,659.3356666666667,320.74520000000007,3818.0199999999995,6411.017999999999,74.59873333333334,1459.4659999999997,12554.193333333333,17245.253333333334,79.60364999999997,12616.1,70.0,20.76033333333333,22.013333333333332,1942.8249999999998,15.207683333333332,12.273216666666665,12419.713026276357,False
2025_06_05.csv,2025-06-05,2025,14,10,5316.405812523901,249.00212500000006,944.3116416666667,138.70783333333333,358.2383333333333,95.09825000000001,31.23766666666666,452.0,1610.4366666666667,43.28578333333334,1365.1916666666664,19645.566666666666,4082.333333333333,52.78483333333334,225.23333333333335,740.3766666666666,0.5,12.66,1418.0,4.141383333333333,5.363566666666666,5316.405812523901,False
2025_06_12.csv,2025-06-12,2025,5,5,2972.4,124.38,364.20199999999994,18.9,116.33399999999999,111.146,57.7896,264.0,3548.4,20.352,393.8,3779.0,4660.0,11.861999999999998,940.0,38.0,21.0,10.999999999999998,577.6,3.7762000000000002,5.836133333333331,2972.4,False
2025_06_15.csv,2025-06-15,2025,54,50,28123.17604863154,1737.9190610416665,2597.6168081250007,363.92222583333336,813.4456000000004,1245.3541724999995,459.3916316666666,4159.216875000002,14517.256083333332,203.33480833333326,5079.678366666669,51917.02133333332,33804.813666666654,261.39425666666665,20218.269999999997,1559.7753833333331,28.943958333333327,79.1789833333333,4096.839666666667,34.49839925000001,29.783287583333323,28123.17604863154,False
2025_06_22.csv,2025-06-22,2025,31,24,12665.565850120078,399.42192816666665,1522.0560301666662,196.07100000000005,759.9054,598.4216083333332,167.8995,871.0687500000001,7038.864666666667,65.28326666666669,1750.9414999999997,23629.251666666667,16115.373333333335,57.92539499999999,18389.370000000003,422.69999999999993,6.6355,16.516799999999996,2027.8700000000001,8.566793333333331,10.789906666666665,12665.565850120078,False
2025_06_27.csv,2025-06-27,2025,23,18,18166.17798478394,669.217235,3451.9821816666663,187.40533333333332,458.3908333333335,167.49575000000007,77.20750000000002,357.5375,5101.682666666667,137.95063333333334,2541.1496666666667,14763.596666666666,2742.4333333333334,75.38702333333333,989.0833333333334,445.44666666666654,5.83875,10.4,9786.65,36.948583333333325,21.099866666666664,18166.17798478394,False
2025_07_05.csv,2025-07-05,2025,12,12,4728.511294117272,137.06719999999999,766.6555333333333,96.98266666666667,251.3829333333333,133.24906666666666,59.666560000000004,523.3,1730.31,36.45783333333333,794.1499999999999,8146.443333333334,4437.8133333333335,21.986500000000003,9730.599999999999,439.18,3.8200000000000003,3.5305,1155.45,4.848516666666664,4.645983333333333,4728.511294117272,False
2025_07_16.csv,2025-07-16,2025,20,17,9856.950956175908,715.2404999999999,1124.0384999999999,100.62533333333334,428.38633333333337,278.34900000000005,84.21360000000001,4496.14,1901.5219999999997,68.8086,1471.8679999999995,16229.18,10754.46,68.42493999999999,2519.75,300.3,27.870666666666672,19.88616666666667,1500.1999999999998,19.89313333333333,13.726516666666665,9856.950956175908,False
2025_07_22.csv,2025-07-22,2025,23,16,8093.907751827597,549.0799041666668,968.9238124999999,107.79266666666666,723.0639999999999,254.64764999999997,102.4855,1410.99,2569.731666666666,39.76570000000001,1190.079,19010.160000000003,7365.236666666667,62.08217000000001,1599.9533333333331,285.625,7.6775,18.026799999999998,690.9533333333334,12.469620000000004,8.971673333333333,8093.907751827597,False
2025_08_14.csv,2025-08-14,2025,40,40,27363.84274493772,1701.2167171666663,2918.7507828333314,370.182,1602.713,1044.0584666666666,311.8062800000002,7428.026000000002,8528.816566666666,210.54626583333322,4644.156333333333,51964.02833333332,34183.304000000004,174.6715899999999,15810.4,903.6499999999999,63.787333333333336,107.43133333333333,6120.212500000001,26.759900000000005,25.25749999999999,27363.84274493772,False
2025_08_19.csv,2025-08-19,2025,26,23,11586.10648736514,480.43498399999993,1504.300121,222.89893333333336,800.5491,445.70353500000004,170.522285,922.15875,10462.048499999999,49.48109250000002,2136.047233333333,24896.901999999995,10509.93,58.607355,3239.29,703.6524000000001,78.91425000000001,36.71000000000001,2539.5995000000003,8.768158666666663,16.519075999999995,11586.10648736514,False
2025_08_20.csv,2025-08-20,2025,33,29,15236.871398851923,612.7144625,1957.4258405,210.50800000000004,1158.7184450000002,627.7164859999998,253.56690999999998,1580.0300000000002,6240.629680000002,95.33911100000002,2235.3817999999997,32246.732999999997,14477.293569999998,110.30523999999998,6776.3099999999995,485.2319999999999,3.9650000000000003,37.094950000000004,1968.2299999999998,6.988149999999997,11.767104999999999,15236.871398851923,False
2025_08_29.csv,2025-08-29,2025,49,46,25844.663462026845,1686.7439834166664,2312.8601684166665,228.49133333333333,1016.5247233333333,1086.0231095000001,443.64919999999995,4831.442208333334,9539.479493333332,141.7606286666667,3850.7513500000005,50279.40349999999,29805.92880666666,177.88783416666666,19003.113333333335,555.3440000000002,43.692458333333335,56.90013333333335,2786.4116666666664,42.533673333333326,30.566429999999993,25844.663462026845,False
2025_10_15.csv,2025-10-15,2025,34,33,18983.803737435144,1083.3290779999998,2256.383101166667,199.53791666666666,638.9735500000002,650.6951708333335,203.49561666666665,6487.831875,4980.968000000001,252.44151666666667,3455.3945833333332,28558.19916666667,33186.37666666667,101.86557083333335,11667.103333333333,723.2241666666666,52.28345833333333,33.318133333333336,4618.8949999999995,17.962908333333328,19.156939999999995,18983.803737435144,False
2025_10_26.csv,2025-10-26,2025,17,17,12420.572818562781,770.1362291666667,1368.8939474999995,114.00361666666669,690.6105833333335,447.58062500000005,163.57172500000001,3439.29,2830.988666666667,86.920745,1882.0624999999998,22555.779999999995,10231.011666666667,68.73465,1818.25,136.40000000000003,17.352,18.381,1465.05,15.986799999999999,12.067249999999998,12420.572818562781,False
2025_10_28.csv,2025-10-28,2025,22,21,10808.83382447419,695.2215499999999,873.8524000000002,112.82333333333332,46.12708333333333,506.6121500000001,134.1031,5636.98,2512.8045,99.08655750000003,1471.0299999999997,13366.655000000002,16178.029999999999,85.65554,2198.5199999999995,106.42000000000002,57.92933333333334,32.33363333333333,2534.7874999999995,14.794836666666665,13.562023333333332,10808.83382447419,False
2025_11_02.csv,2025-11-02,2025,27,19,13219.767374273424,990.0794166666667,962.4864166666665,111.24499999999999,675.8760000000001,637.2708333333331,305.24590000000006,2920.0,4843.166666666666,129.24816666666663,2127.5,23783.116666666665,13925.43333333333,225.15199999999996,6341.2,377.29999999999995,5.225,76.85899999999998,1119.5,4.55028333333333,11.488016666666665,13219.767374273424,False
2025_11_06.csv,2025-11-06,2025,24,24,12195.124459902576,270.5226931666666,1288.1291748333333,228.60100000000003,550.3059200000001,721.7044826666666,308.9232866666666,4099.11,3707.743246666668,52.477861833333314,1833.5817999999997,34625.496333333336,6540.147919999999,41.39819000000001,22274.68,825.6229999999999,26.326,12.871599999999999,2766.7225000000003,5.736593333333329,11.443706666666664,12195.124459902576,False
2025_11_13.csv,2025-11-13,2025,22,22,16817.89083811345,380.5354166666666,1848.1422499999996,305.84833333333336,504.6620000000001,939.0512500000002,376.5906,2484.95,5385.616666666667,138.48475000000005,2900.33,31995.51666666667,23334.61666666667,65.779,15561.800000000001,696.3774999999999,10.652000000000001,9.196,1869.1499999999999,7.024749999999997,8.617399999999996,16817.89083811345,False
2025_11_18.csv,2025-11-18,2025,10,10,7740.042017571702,480.1267999999999,739.2872,113.42583333333334,461.50391666666667,342.2486,117.51020500000001,1274.78,1190.714,34.72831,1277.2050000000002,17082.65,7483.645,42.588570000000004,596.87,635.2070000000001,7.75,10.22125,1211.185,12.600738333333336,7.432131666666668,7740.042017571702,False
2025_11_20.csv,2025-11-20,2025,21,21,14383.14536787699,1287.7352199999998,1126.3481966666668,92.21116666666666,523.6265000000001,499.8816833333334,197.55943666666673,3991.277,5048.3396,83.17428666666669,1788.5829999999999,26632.036666666667,23345.46666666667,114.17549,5391.55,526.9375000000001,20.098333333333333,40.77133333333334,1897.6499999999999,23.488775,19.935275,14383.14536787699,False
2025_11_26.csv,2025-11-26,2025,23,23,14303.953038623644,834.41,1441.0514366666664,231.07614999999998,383.19199999999995,610.4213083333334,186.87724999999998,2143.37,3290.5945,111.50849416666667,2671.9074999999993,28504.201666666668,20887.246666666666,118.76674999999996,5761.950000000001,722.8949999999999,26.883333333333333,33.264583333333334,2881.4375,15.211841666666665,11.98785833333333,14303.953038623644,False
2025_11_28.csv,2025-11-28,2025,10,10,6737.796528556883,715.8849375,274.1780625,53.765,184.1915,303.2266,106.19991999999999,2304.952,940.5686,61.38832,981.3,16514.69,7406.2,132.07214999999997,1312.3999999999999,376.34999999999997,1.6,45.372,468.00000000000006,3.300749999999999,7.03165,6737.796528556883,False
2025_12_04.csv,2025-12-04,2025,26,26,16601.61566845953,750.085775,1930.1902583333338,289.3738333333333,681.0079,701.1882666666667,264.75651999999997,1907.46,7684.006000000001,96.6282983333333,2604.5499999999997,31957.878333333334,26092.91833333334,78.12122999999997,19124.530000000002,1510.2375000000002,6.208333333333333,12.658333333333333,4192.584999999999,19.142493333333334,13.580936666666663,16601.61566845953,False
2025_12_06.csv,2025-12-06,2025,20,20,19444.717141355515,985.2966666666666,1745.84576,138.42333333333335,727.5054,986.1031199999999,417.5371,2734.1,1936.7522666666666,159.83012000000002,2362.956,25146.66,18155.321066666664,236.29879999999997,1113.5,654.6399999999999,3.0,76.85699999999999,1459.0,6.836199999999999,10.968399999999997,19444.717141355515,False
2025_12_12.csv,2025-12-12,2025,25,20,13081.0211014487,529.1882265625,1609.983150104167,213.12420458333332,510.1925,353.26552583333336,96.52945,954.02,5141.214975,80.33959416666663,2398.8875749999997,28997.95291666667,8428.646666666666,64.20973124999999,6735.55,2480.248625,5.833333333333333,9.833333333333334,4051.1773333333335,17.69678295833333,11.318301291666664,13081.0211014487,False
2025_12_13.csv,2025-12-13,2025,41,41,20836.610689126628,781.5532129791665,2649.6008136875,262.61976625000005,760.6925666666667,709.2895525000001,328.65760000000006,5316.8,6320.295541666666,166.9599475,2992.150675000001,32543.88125,19403.06106666666,118.61337624999996,12797.0,2330.307625,37.224,38.655,5143.912666666667,18.873494125000008,21.098809125,20836.610689126628,False
2025_12_16.csv,2025-12-16,2025,12,11,7050.109651887189,682.0377499999998,666.36085,53.0375,226.06,183.7374,58.119550000000004,5342.13,1684.9820000000002,37.56275,1246.76,15443.175,7248.845000000001,58.39365,1755.5,648.6375,23.204,24.748700000000003,1018.5999999999999,12.258600000000001,8.96925,7050.109651887189,False
2025_12_28.csv,2025-12-28,2025,36,29,14334.891984920652,815.3758466666667,1707.7971116666663,267.18916666666667,733.2173333333333,529.2532083333333,138.39091666666667,4395.77375,5047.6111666666675,118.42202916666668,2891.6325,36970.89166666666,19700.778333333335,84.79877499999999,13225.2,1357.0075000000002,27.920250000000003,19.769500000000004,4237.262500000001,21.50675,18.1221,14334.891984920652,False
2025_12_30.csv,2025-12-30,2025,3,3,2972.8187163518164,79.2875,666.9567,84.41666666666667,24.6405,7.892899999999996,1.189166666666664,0.0,406.702,23.1054,945.27,17858.2,411.098,13.750999999999998,372.5,587.425,0.0,0.0,747.5,2.949,1.405833333333332,2972.8187163518164,False
2025_12_31.csv,2025-12-31,2025,9,9,3357.230057361377,140.44680000000002,589.43,41.68,81.446,48.99239999999999,15.387199999999998,216.96,938.8399999999999,115.81519999999998,431.48,3655.92,5639.0,25.038800000000002,2885.12,209.89999999999998,24.439999999999998,20.3968,2739.3199999999997,13.58152,7.59544,3357.230057361377,False
2026_01_04.csv,2026-01-04,2026,27,23,14847.807291667688,1111.6526524166666,1510.6572484166672,200.24266666666668,537.7614000000001,506.4472558333334,184.28419333333332,2794.9751250000004,5713.688766666667,83.39467416666668,2399.2172499999997,33454.034166666665,15315.400533333333,130.06697250000002,5127.28,383.67,19.50420833333333,36.51853333333334,1743.4975,27.803550000000005,17.614943333333333,14847.807291667688,False
2026_01_11.csv,2026-01-11,2026,37,36,24004.529839351373,1284.5615036041668,2415.9151672291673,234.42296625,616.3480333333332,1039.2070949999995,502.01763333333355,4590.84,13040.268941666665,143.322965,3073.5684250000004,32613.100416666668,23279.14710416667,179.24912125000003,11238.060000000001,1591.0609583333335,15.645375,55.54340000000001,5898.459333333333,21.52515745833334,23.694815791666656,24004.529839351373,False
2026_01_14.csv,2026-01-14,2026,8,7,2359.8085075956024,32.669937499999996,399.8999625000001,89.86599999999999,243.871,90.30599999999997,12.326600000000001,0.0,308.8695,8.9416075,552.009,9736.725,107.05,6.817209999999998,675.7,379.02,0.0,0.0,848.1175,1.326299999999998,2.1220999999999997,2359.8085075956024,False
2026_01_24.csv,2026-01-24,2026,33,33,19653.205157460554,1758.9923434999994,696.9556481666667,148.52433333333332,394.194,1096.1407083333334,442.7135666666667,5867.47375,2771.4089999999997,103.74347666666671,3000.1074999999987,40896.27166666666,19207.456666666672,196.70931499999998,8611.75,395.38499999999993,54.212916666666665,63.04766666666666,1587.24,39.477799999999995,23.655,19653.205157460554,False
2026_05_23.csv,2026-05-23,2026,77,75,55196.295329550594,2202.859331416666,6885.361276916664,739.6990000000002,2969.1646333333338,1856.996058333333,748.5241283333335,8510.511,21680.580466666663,365.59153416666675,8483.182750000004,85924.96666666666,63239.534333333344,291.6909950000001,14560.779999999999,2660.18975,99.85116666666669,98.53725,9749.3225,38.537853333333345,48.864460000000015,55196.295329550594,False
2026_06_07.csv,2026-06-07,2026,58,55,42854.8124740859,1572.8881761500002,4002.5471830166653,451.0422666666666,1480.2368299999998,2355.192370833333,1101.8483916666667,9584.024875,25376.425,329.29268166666657,5748.33935,47810.02516666666,51448.520916666675,202.46302749999992,19452.5,1758.1440000000002,60.70972500000003,73.79165000000003,8604.64,26.845191333333325,36.22814666666667,42854.8124740859,False
2026_06_15.csv,2026-06-15,2026,38,36,35578.2703693131,1273.186862916666,4951.3634954166655,477.48473333333334,1374.5612400000002,1163.879775,389.481832,3378.8439999999996,13851.148166666664,229.43030500000003,4897.799416666667,50548.27,36911.99333333334,161.64938833333332,21457.727999999996,1471.53575,42.20783333333334,39.24603333333333,9565.091666666669,37.44692266666665,31.322461999999984,35578.2703693131,False
2026_06_21.csv,2026-06-21,2026,46,37,24781.66170413799,1357.0286674999993,2290.0838241666665,210.506,647.9639999999999,1147.849008333333,445.66522000000003,3669.09375,11074.573999999999,314.8501666666666,3683.299500000001,31372.97166666667,29422.287666666667,245.61417500000002,8456.93,534.9399999999999,19.270000000000003,90.29899999999996,4609.530000000001,16.535313333333338,20.978419999999993,24781.66170413799,False
2026_06_30.csv,2026-06-30,2026,52,49,38487.86374102065,2141.676797749999,3980.2698314166655,352.081,1492.65025,1579.8924208333335,687.8060333333335,5085.114374999999,23975.465,204.54393166666665,4855.392416666666,48321.69416666666,46290.68766666665,234.67590749999997,10604.94,1007.418,48.033625000000015,79.14379999999997,6820.574999999999,45.886313333333334,38.21901333333333,38487.86374102065,False
2026_07_05.csv,2026-07-05,2026,37,33,22759.156487955388,1009.0863016666665,2919.3832149999994,377.69466666666665,767.7724000000001,831.7272166666668,270.3828333333333,5904.9875,6822.828666666665,231.30814833333332,4189.985333333333,41654.49333333333,18200.108666666667,173.4443533333333,5485.66,1805.8940000000005,37.228500000000004,55.46199999999999,7132.611666666667,21.33927166666667,25.914419999999996,22759.156487955388,False
2026_07_09.csv,2026-07-09,2026,45,39,31434.16651785578,933.0255736666663,4257.777409666666,490.1243333333333,1348.4046999999996,1269.46255,441.8363666666667,2925.575,4869.724666666666,169.28216250000003,4049.0924999999997,41148.244999999995,24955.249333333333,134.87858333333335,11233.304999999998,2647.94,8.866666666666665,35.75916666666667,7117.834166666667,27.06499499999999,22.89518499999999,31434.16651785578,False
