year,nutrient,unit,value_per_2500kcal_trip,drv,pct_drv
2023.0,Energy,KCAL,2500.0,2500.0,100.0
2023.0,Protein,G,132.501,62.5,212.0
2023.0,Carbohydrate,G,212.218,325.0,65.3
2023.0,Fiber,G,21.503,31.25,68.8
2023.0,"Sugars, Total",G,90.079,112.5,80.1
2023.0,Total fat,G,127.232,87.5,145.4
2023.0,"Fatty acids, total saturated",G,54.15,25.0,216.6
2023.0,Cholesterol,MG,757.925,,
2023.0,Calcium,MG,927.974,1000.0,92.8
2023.0,Iron,MG,14.679,17.5,83.9
2023.0,Magnesium,MG,289.935,468.75,61.9
2023.0,Potassium,MG,2990.136,2500.0,119.6
2023.0,Sodium,MG,3108.207,3000.0,103.6
2023.0,Zinc,MG,16.326,12.5,130.6
2023.0,"Vitamin A, RAE",UG,878.748,1000.0,87.9
2023.0,Vitamin C,MG,74.211,100.0,74.2
2023.0,Vitamin D (D2 + D3),UG,4.797,6.25,76.8
2023.0,Vitamin B-12,UG,5.742,3.125,183.7
2023.0,"Folate, total",UG,353.739,250.0,141.5
2023.0,Thiamin,MG,2.603,1.375,189.3
2023.0,Riboflavin,MG,2.505,1.75,143.1
2024.0,Energy,KCAL,2500.0,2500.0,100.0
2024.0,Protein,G,123.303,62.5,197.3
2024.0,Carbohydrate,G,257.111,325.0,79.1
2024.0,Fiber,G,26.319,31.25,84.2
2024.0,"Sugars, Total",G,100.078,112.5,89.0
2024.0,Total fat,G,111.881,87.5,127.9
2024.0,"Fatty acids, total saturated",G,50.115,25.0,200.5
2024.0,Cholesterol,MG,482.193,,
2024.0,Calcium,MG,1002.568,1000.0,100.3
2024.0,Iron,MG,18.482,17.5,105.6
2024.0,Magnesium,MG,362.422,468.75,77.3
2024.0,Potassium,MG,3304.902,2500.0,132.2
2024.0,Sodium,MG,2956.218,3000.0,98.5
2024.0,Zinc,MG,16.611,12.5,132.9
2024.0,"Vitamin A, RAE",UG,1392.773,1000.0,139.3
2024.0,Vitamin C,MG,98.809,100.0,98.8
2024.0,Vitamin D (D2 + D3),UG,2.95,6.25,47.2
2024.0,Vitamin B-12,UG,5.063,3.125,162.0
2024.0,"Folate, total",UG,460.284,250.0,184.1
2024.0,Thiamin,MG,2.462,1.375,179.0
2024.0,Riboflavin,MG,2.263,1.75,129.3
2025.0,Energy,KCAL,2500.0,2500.0,100.0
2025.0,Protein,G,133.536,62.5,213.7
2025.0,Carbohydrate,G,276.424,325.0,85.1
2025.0,Fiber,G,30.433,31.25,97.4
2025.0,"Sugars, Total",G,101.544,112.5,90.3
2025.0,Total fat,G,97.447,87.5,111.4
2025.0,"Fatty acids, total saturated",G,38.667,25.0,154.7
2025.0,Cholesterol,MG,512.237,,
2025.0,Calcium,MG,871.428,1000.0,87.1
2025.0,Iron,MG,19.474,17.5,111.3
2025.0,Magnesium,MG,394.29,468.75,84.1
2025.0,Potassium,MG,4256.966,2500.0,170.3
2025.0,Sodium,MG,2769.368,3000.0,92.3
2025.0,Zinc,MG,17.41,12.5,139.3
2025.0,"Vitamin A, RAE",UG,1524.787,1000.0,152.5
2025.0,Vitamin C,MG,114.403,100.0,114.4
2025.0,Vitamin D (D2 + D3),UG,4.183,6.25,66.9
2025.0,Vitamin B-12,UG,5.911,3.125,189.1
2025.0,"Folate, total",UG,507.013,250.0,202.8
2025.0,Thiamin,MG,2.841,1.375,206.6
2025.0,Riboflavin,MG,2.49,1.75,142.3
2026.0,Energy,KCAL,2500.0,2500.0,100.0
2026.0,Protein,G,117.625,62.5,188.2
2026.0,Carbohydrate,G,274.959,325.0,84.6
2026.0,Fiber,G,30.226,31.25,96.7
2026.0,"Sugars, Total",G,95.149,112.5,84.6
2026.0,Total fat,G,103.677,87.5,118.5
2026.0,"Fatty acids, total saturated",G,41.888,25.0,167.6
2026.0,Cholesterol,MG,419.219,,
2026.0,Calcium,MG,1037.681,1000.0,103.8
2026.0,Iron,MG,17.5,17.5,100.0
2026.0,Magnesium,MG,360.081,468.75,76.8
2026.0,Potassium,MG,3714.293,2500.0,148.6
2026.0,Sodium,MG,2631.587,3000.0,87.7
2026.0,Zinc,MG,15.685,12.5,125.5
2026.0,"Vitamin A, RAE",UG,936.863,1000.0,93.7
2026.0,Vitamin C,MG,117.285,100.0,117.3
2026.0,Vitamin D (D2 + D3),UG,3.25,6.25,52.0
2026.0,Vitamin B-12,UG,5.028,3.125,160.9
2026.0,"Folate, total",UG,510.301,250.0,204.1
2026.0,Thiamin,MG,2.435,1.375,177.1
2026.0,Riboflavin,MG,2.336,1.75,133.5
